synset_id,synset_name,definition
n01440764,tench,freshwater dace-like game fish of Europe and western Asia noted for ability to survive outside water
n01443537,goldfish,small golden or orange-red freshwater fishes of Eurasia used as pond or aquarium fishes
n01484850,great_white_shark,large aggressive shark widespread in warm seas; known to attack humans
n01491361,tiger_shark,large dangerous warm-water shark with striped or spotted body
n01494475,hammerhead,medium-sized live-bearing shark with eyes at either end of a flattened hammer-shaped head; worldwide in warm waters; can be dangerous
n01496331,electric_ray,any sluggish bottom-dwelling ray of the order Torpediniformes having a rounded body and electric organs on each side of the head capable of emitting strong electric discharges
n01498041,stingray,large venomous ray with large barbed spines near the base of a thin whiplike tail capable of inflicting severe wounds
n01514668,cock,adult male bird
n01514859,hen,adult female bird
n01518878,ostrich,fast-running African flightless bird with two-toed feet; largest living bird
n01530575,brambling,Eurasian finch
n01531178,goldfinch,small European finch having a crimson face and yellow-and-black wings
n01532829,house_finch,small finch originally of the western United States and Mexico
n01534433,junco,small North American finch seen chiefly in winter
n01537544,indigo_bunting,small deep blue North American bunting
n01558993,robin,large American thrush having a rust-red breast and abdomen
n01560419,bulbul,nightingale spoken of in Persian poetry
n01580077,jay,crested largely blue bird
n01582220,magpie,long-tailed black-and-white crow that utters a raucous chattering call
n01592084,chickadee,any of various small grey-and-black songbirds of North America
n01601694,water_ouzel,small stocky diving bird without webbed feet; frequents fast-flowing streams and feeds along the bottom
n01608432,kite,any of several small graceful hawks of the family Accipitridae having long pointed wings and feeding on insects and small animals
n01614925,bald_eagle,a large eagle of North America that has a white head and dark wings and body
n01616318,vulture,any of various large diurnal birds of prey having naked heads and weak claws and feeding chiefly on carrion
n01622779,great_grey_owl,large dish-faced owl of northern North America and western Eurasia
n01629819,european_fire_salamander,a kind of European salamander
n01630670,common_newt,small semiaquatic salamander
n01631663,eft,a newt in its terrestrial stage of development
n01632458,spotted_salamander,glossy black North American salamander with yellow spots
n01632777,axolotl,larval salamander of mountain lakes of Mexico that usually lives without metamorphosing
n01641577,bullfrog,largest North American frog; highly aquatic with a deep-pitched voice
n01644373,tree_frog,any of various Old World arboreal frogs distinguished from true frogs by adhesive suckers on the toes
n01644900,tailed_frog,western North American frog with a taillike copulatory organ
n01664065,loggerhead,very large carnivorous sea turtle; wide-ranging in warm open seas
n01665541,leatherback_turtle,wide-ranging marine turtle with flexible leathery carapace; largest living turtle
n01667114,mud_turtle,bottom-dwelling freshwater turtle inhabiting muddy rivers of North America and Central America
n01667778,terrapin,any of various edible North American web-footed turtles living in fresh or brackish water
n01669191,box_turtle,chiefly terrestrial turtle of North America; shell can be closed tightly
n01675722,banded_gecko,any of several geckos with dark bands across the body and differing from typical geckos in having movable eyelids; of United States southwest and Florida Gulf Coast
n01677366,common_iguana,large herbivorous tropical American arboreal lizards with a spiny crest along the back; used as human food in Central America and South America
n01682714,american_chameleon,small arboreal tropical American insectivorous lizards with the ability to change skin color
n01685808,whiptail,any of numerous very agile and alert New World lizards
n01687978,agama,small terrestrial lizard of warm regions of the Old World
n01688243,frilled_lizard,large arboreal insectivorous Australian lizard with a ruff of skin around the neck
n01689811,alligator_lizard,slim short-limbed lizard having a distinctive fold on each side that permits expansion; of western North America
n01692333,gila_monster,large orange and black lizard of southwestern United States; not dangerous unless molested
n01693334,green_lizard,a common Eurasian lizard about a foot long
n01694178,african_chameleon,a chameleon found in Africa
n01695060,komodo_dragon,the largest lizard in the world (10 feet); found on Indonesian islands
n01697457,african_crocodile,a dangerous crocodile widely distributed in Africa
n01698640,american_alligator,large alligator of the southeastern United States
n01704323,triceratops,huge ceratopsian dinosaur having three horns and the neck heavily armored with a very solid frill
n01728572,thunder_snake,small reddish wormlike snake of eastern United States
n01728920,ringneck_snake,any of numerous small nonvenomous North American snakes with a yellow or orange ring around the neck
n01729322,hognose_snake,harmless North American snake with upturned nose; may spread its head and neck or play dead when disturbed
n01729977,green_snake,either of two North American chiefly insectivorous snakes that are green in color
n01734418,king_snake,any of numerous nonvenomous North American constrictors; feed on other snakes and small mammals
n01735189,garter_snake,any of numerous nonvenomous longitudinally-striped viviparous North American and Central American snakes
n01737021,water_snake,any of various mostly harmless snakes that live in or near water
n01739381,vine_snake,slender arboreal snake found from southern Arizona to Bolivia
n01740131,night_snake,nocturnal prowler of western United States and Mexico
n01742172,boa_constrictor,very large boa of tropical America and West Indies
n01744401,rock_python,very large python of tropical and southern Africa
n01748264,indian_cobra,a cobra of tropical Africa and Asia
n01749939,green_mamba,green phase of the black mamba
n01751748,sea_snake,any of numerous venomous aquatic viviparous snakes having a fin-like tail; of warm littoral seas; feed on fish which they immobilize with quick-acting venom
n01753488,horned_viper,highly venomous viper of northern Africa and southwestern Asia having a horny spine above each eye
n01755581,diamondback,large deadly rattlesnake with diamond-shaped markings
n01756291,sidewinder,small pale-colored desert rattlesnake of southwestern United States; body moves in an s-shaped curve
n01768244,trilobite,an extinct arthropod that was abundant in Paleozoic times; had an exoskeleton divided into three parts
n01770081,harvestman,spiderlike arachnid with a small rounded body and very long thin legs
n01770393,scorpion,arachnid of warm dry regions having a long segmented tail ending in a venomous stinger
n01773157,black_and_gold_garden_spider,a widely distributed North American garden spider
n01773549,barn_spider,an orange and tan spider with darkly banded legs that spins an orb web daily
n01773797,garden_spider,a spider common in European gardens
n01774384,black_widow,venomous New World spider; the female is black with an hourglass-shaped red mark on the underside of the abdomen
n01774750,tarantula,large hairy tropical spider with fangs that can inflict painful but not highly venomous bites
n01775062,wolf_spider,ground spider that hunts its prey instead of using a web
n01776313,tick,any of two families of small parasitic arachnids with barbed proboscis; feed on blood of warm-blooded animals
n01784675,centipede,"chiefly nocturnal predacious arthropod having a flattened body of 15 to 173 segments each with a pair of legs, the foremost pair being modified as prehensors"
n01795545,black_grouse,grouse of which the male is bluish-black
n01796340,ptarmigan,large Arctic and subarctic grouse with feathered feet and usually white winter plumage
n01797886,ruffed_grouse,valued as a game bird in eastern United States and Canada
n01798484,prairie_chicken,brown mottled North American grouse of western prairies
n01806143,peacock,male peafowl; having a crested head and very large fanlike tail marked with iridescent eyes or spots
n01806567,quail,small gallinaceous game birds
n01807496,partridge,small Old World gallinaceous game birds
n01817953,african_grey,commonly domesticated grey parrot with red-and-black tail and white face; native to equatorial Africa
n01818515,macaw,long-tailed brilliantly colored parrot of Central America and South America; among the largest and showiest of parrots
n01819313,sulphur-crested_cockatoo,white cockatoo with a yellow erectile crest
n01820546,lorikeet,any of various small lories
n01824575,coucal,Old World ground-living cuckoo having a long dagger-like hind claw
n01828970,bee_eater,colorful chiefly tropical Old World bird having a strong graceful flight; feeds on especially bees
n01829413,hornbill,bird of tropical Africa and Asia having a very large bill surmounted by a bony protuberance; related to kingfishers
n01833805,hummingbird,tiny American bird having brilliant iridescent plumage and long slender bills; wings are specialized for vibrating flight
n01843065,jacamar,tropical American insectivorous bird having a long sharp bill and iridescent green or bronze plumage
n01843383,toucan,brilliantly colored arboreal fruit-eating bird of tropical America having a very large thin-walled beak
n01847000,drake,adult male of a wild or domestic duck
n01855032,red-breasted_merganser,widely distributed merganser of America and Europe
n01855672,goose,web-footed long-necked typically gregarious migratory aquatic birds usually larger and less aquatic than ducks
n01860187,black_swan,large Australian swan having black plumage and a red bill
n01871265,tusker,any mammal with prominent tusks (especially an elephant or wild boar)
n01872401,echidna,a burrowing monotreme mammal covered with spines and having a long snout and claws for hunting ants and termites; native to Australia
n01873310,platypus,small densely furred aquatic monotreme of Australia and Tasmania having a broad bill and tail and webbed feet; only species in the family Ornithorhynchidae
n01877812,wallaby,any of various small or medium-sized kangaroos; often brightly colored
n01882714,koala,sluggish tailless Australian arboreal marsupial with grey furry ears and coat; feeds on eucalyptus leaves and bark
n01883070,wombat,burrowing herbivorous Australian marsupials about the size of a badger
n01910747,jellyfish,any of numerous usually marine and free-swimming coelenterates that constitute the sexually reproductive forms of hydrozoans and scyphozoans
n01914609,sea_anemone,marine polyps that resemble flowers but have oral rings of tentacles; differ from corals in forming no hard skeleton
n01917289,brain_coral,massive reef-building coral having a convoluted and furrowed surface
n01924916,flatworm,parasitic or free-living worms having a flattened body
n01930112,nematode,unsegmented worms with elongated rounded body pointed at both ends; mostly free-living but some are parasitic
n01943899,conch,any of various edible tropical marine gastropods of the genus Strombus having a brightly-colored spiral shell with large outer lip
n01944390,snail,freshwater or marine or terrestrial gastropod mollusk usually having an external enclosing spiral shell
n01945685,slug,any of various terrestrial gastropods having an elongated slimy body and no external shell
n01950731,sea_slug,any of various marine gastropods of the suborder Nudibranchia having a shell-less and often beautifully colored body
n01955084,chiton,primitive elongated bilaterally symmetrical marine mollusk having a mantle covered with eight calcareous plates
n01968897,chambered_nautilus,cephalopod of the Indian and Pacific oceans having a spiral shell with pale pearly partitions
n01978287,dungeness_crab,small edible crab of Pacific coast of North America
n01978455,rock_crab,crab of eastern coast of North America
n01980166,fiddler_crab,burrowing crab of American coastal regions having one claw much enlarged in the male
n01981276,king_crab,large edible crab of northern Pacific waters especially along the coasts of Alaska and Japan
n01983481,american_lobster,lobster of Atlantic coast of America
n01984695,spiny_lobster,large edible marine crustacean having a spiny carapace but lacking the large pincers of true lobsters
n01985128,crayfish,small freshwater decapod crustacean that resembles a lobster
n01986214,hermit_crab,small soft-bodied marine crustaceans living in cast-off shells of gastropods
n01990800,isopod,any of various small terrestrial or aquatic crustaceans with seven pairs of legs adapted for crawling
n02002556,white_stork,the common stork of Europe; white with black wing feathers and a red bill
n02002724,black_stork,Old World stork that is glossy black above and white below
n02006656,spoonbill,wading birds having a long flat bill with a tip like a spoon
n02007558,flamingo,large pink to scarlet web-footed wading bird with down-bent bill; inhabits brackish lakes
n02009229,little_blue_heron,small bluish-grey heron of the western hemisphere
n02009912,american_egret,a common egret of the genus Egretta found in America; it is a variety of the Old World white egret Casmerodius albus
n02011460,bittern,relatively small compact tawny-brown heron with nocturnal habits and a booming cry; found in marshes
n02012849,crane,large long-necked wading bird of marshes and plains in many parts of the world
n02013706,limpkin,"wading bird of Florida, Cuba and Jamaica having a drooping bill and a distinctive wailing call"
n02017213,european_gallinule,purple gallinule of southern Europe
n02018207,american_coot,a coot found in North America
n02018795,bustard,large heavy-bodied chiefly terrestrial game bird capable of powerful swift flight; classified with wading birds but frequents grassy steppes
n02025239,ruddy_turnstone,common Arctic turnstone that winters in South America and Australia
n02027492,red-backed_sandpiper,small common sandpiper that breeds in northern or Arctic regions and winters in southern United States or Mediterranean regions
n02028035,redshank,a common Old World wading bird with long red legs
n02033041,dowitcher,shorebird of the sandpiper family that resembles a snipe
n02037110,oystercatcher,black-and-white shorebird with stout legs and bill; feed on oysters etc.
n02051845,pelican,large long-winged warm-water seabird having a large bill with a distensible pouch for fish
n02056570,king_penguin,large penguin on islands bordering the Antarctic Circle
n02058221,albatross,large web-footed birds of the southern hemisphere having long narrow wings; noted for powerful gliding flight
n02066245,grey_whale,medium-sized greyish-black whale of the northern Pacific
n02071294,killer_whale,predatory black-and-white toothed whale with large dorsal fin; common in cold seas
n02074367,dugong,sirenian tusked mammal found from eastern Africa to Australia; the flat tail is bilobate
n02077923,sea_lion,any of several large eared seals of the northern Pacific related to fur seals but lacking their valuable coat
n02085620,chihuahua,an old breed of tiny short-haired dog with protruding eyes from Mexico held to antedate Aztec civilization
n02085782,japanese_spaniel,breed of toy dogs originating in Japan having a silky black-and-white or red-and-white coat
n02085936,maltese_dog,breed of toy dogs having a long straight silky white coat
n02086079,pekinese,a Chinese breed of small short-legged dogs with a long silky coat and broad flat muzzle
n02086240,shih-tzu,a Chinese breed of small dog similar to a Pekingese
n02086646,blenheim_spaniel,red-and-white variety of English toy spaniel
n02086910,papillon,small slender toy spaniel with erect ears and a black-spotted brown to white coat
n02087046,toy_terrier,a small active dog
n02087394,rhodesian_ridgeback,a powerful short-haired African hunting dog having a crest of reversed hair along the spine
n02088094,afghan_hound,tall graceful breed of hound with a long silky coat; native to the Near East
n02088238,basset,smooth-haired breed of hound with short legs and long ears
n02088364,beagle,a small short-legged smooth-coated breed of hound
n02088466,bloodhound,a breed of large powerful hound of European origin having very acute smell and used in tracking
n02088632,bluetick,a very fast American hound; white mottled with bluish grey
n02089078,black-and-tan_coonhound,American breed of large powerful hound dogs used for hunting raccoons and other game
n02089867,walker_hound,an American breed of foxhound
n02089973,english_foxhound,an English breed slightly larger than the American foxhounds originally used to hunt in packs
n02090379,redbone,a speedy red or red-and-tan American hound
n02090622,borzoi,tall fast-moving dog breed
n02090721,irish_wolfhound,large breed of hound with a rough thick coat
n02091032,italian_greyhound,a toy dog developed from the greyhound
n02091134,whippet,small slender dog of greyhound type developed in England
n02091244,ibizan_hound,breed of slender agile medium-sized hound found chiefly in the Balearic Islands; said to have been bred originally by the Pharaohs of ancient Egypt
n02091467,norwegian_elkhound,breed of compact medium-sized dog with a heavy grey coat developed in Norway for hunting elk
n02091635,otterhound,hardy British hound having long pendulous ears and a thick coarse shaggy coat with an oily undercoat; bred for hunting otters
n02091831,saluki,old breed of tall swift keen-eyed hunting dogs resembling greyhounds; from Egypt and southwestern Asia
n02092002,scottish_deerhound,very large and tall rough-coated dog bred for hunting deer; known as the royal dog of Scotland
n02092339,weimaraner,large breed of hound having a smooth greyish coat; originated in Germany
n02093256,staffordshire_bullterrier,English breed of strong stocky dog having a broad skull and smooth coat
n02093428,american_staffordshire_terrier,American breed of muscular terriers with a short close-lying stiff coat
n02093647,bedlington_terrier,a light terrier groomed to resemble a lamb
n02093754,border_terrier,small rough-coated terrier of British origin
n02093859,kerry_blue_terrier,an Irish breed of medium-sized terriers with a silky blue-grey coat
n02093991,irish_terrier,medium-sized breed with a wiry brown coat; developed in Ireland
n02094114,norfolk_terrier,English breed of small terrier with a straight wiry grizzled coat and dropped ears
n02094258,norwich_terrier,English breed of small short-legged terrier with a straight wiry red or grey or black-and-tan coat and erect ears
n02094433,yorkshire_terrier,very small breed having a long glossy coat of bluish-grey and tan
n02095314,wire-haired_fox_terrier,a fox terrier with wiry hair
n02095570,lakeland_terrier,breed of wire-haired terrier originally from the Lake District of England and used for hunting
n02095889,sealyham_terrier,a wire-haired terrier with short legs that was first bred in Sealyham
n02096051,airedale,breed of large wiry-coated terrier bred in Yorkshire
n02096177,cairn,small rough-haired breed of terrier from Scotland
n02096294,australian_terrier,small greyish wire-haired breed of terrier from Australia similar to the cairn
n02096437,dandie_dinmont,a breed of small terrier with long wiry coat and drooping ears
n02096585,boston_bull,small pug-faced American terrier breed having a smooth brindle or black coat with white markings
n02097047,miniature_schnauzer,a small schnauzer
n02097130,giant_schnauzer,a large schnauzer
n02097209,standard_schnauzer,a medium-sized schnauzer
n02097298,scotch_terrier,old Scottish breed of small long-haired usually black terrier with erect tail and ears
n02097474,tibetan_terrier,breed of medium-sized terriers bred in Tibet resembling Old English sheepdogs with fluffy curled tails
n02097658,silky_terrier,Australian breed of toy dogs having a silky blue coat
n02098105,soft-coated_wheaten_terrier,Irish breed of medium-sized terrier with an abundant coat any shade of wheat and very hairy head and muzzle
n02098286,west_highland_white_terrier,small white long-coated terrier developed in Scotland
n02098413,lhasa,a breed of terrier having a long heavy coat raised in Tibet as watchdogs
n02099267,flat-coated_retriever,an English breed having a shiny black or liver-colored coat; retrieves game from land or water
n02099429,curly-coated_retriever,an English breed having a tightly curled black or liver-colored coat; retrieves game from land or water
n02099601,golden_retriever,an English breed having a long silky golden coat
n02099712,labrador_retriever,breed originally from Labrador having a short black or golden-brown coat
n02099849,chesapeake_bay_retriever,American breed having a short thick oily coat ranging from brown to light tan
n02100236,german_short-haired_pointer,liver or liver-and-white hunting dog developed in Germany; 3/4 pointer and 1/4 bloodhound
n02100583,vizsla,Hungarian hunting dog resembling the Weimaraner but having a rich deep red coat
n02100735,english_setter,an English breed having a plumed tail and a soft silky coat that is chiefly white
n02100877,irish_setter,an Irish breed with a chestnut-brown or mahogany-red coat
n02101006,gordon_setter,a Scottish breed with a black-and-tan coat
n02101388,brittany_spaniel,tall active short-tailed French breed of bird dog having a usually smooth orange- or liver-and-white coat
n02101556,clumber,a thickset spaniel with longish silky hair
n02102040,english_springer,a breed having typically a black-and-white coat
n02102177,welsh_springer_spaniel,a red-and-white breed slightly smaller than the English springer spaniel
n02102318,cocker_spaniel,a small breed with wavy silky hair; originally developed in England
n02102480,sussex_spaniel,an English breed with short legs and a golden liver-colored coat
n02102973,irish_water_spaniel,breed of large spaniels developed in Ireland having a heavy coat of liver-colored curls and a topknot of long curls and a nearly hairless tail
n02104029,kuvasz,long-established Hungarian breed of tall light-footed but sturdy white dog; used also as a hunting dog
n02104365,schipperke,breed of small stocky black dogs originally used as watchdogs on boats in the Netherlands and Belgium
n02105056,groenendael,black-coated sheepdog with a heavily plumed tail
n02105162,malinois,fawn-colored short-haired sheepdog
n02105251,briard,old French breed of large strong usually black dogs having a long tail and long wavy and slightly stiff coat
n02105412,kelpie,an Australian sheepdog with pointed ears
n02105505,komondor,Hungarian breed of large powerful shaggy-coated white dog; used also as guard dog
n02105641,old_english_sheepdog,large sheepdog with a profuse shaggy bluish-grey-and-white coat and short tail; believed to trace back to the Roman occupation of Britain
n02105855,shetland_sheepdog,a small sheepdog resembling a collie that was developed in the Shetland Islands
n02106030,collie,a silky-coated sheepdog with a long ruff and long narrow head developed in Scotland
n02106166,border_collie,developed in the area between Scotland and England usually having a black coat with white on the head and tip of tail used for herding both sheep and cattle
n02106382,bouvier_des_flandres,rough-coated breed used originally in Belgium for herding and guarding cattle
n02106550,rottweiler,German breed of large vigorous short-haired cattle dogs
n02106662,german_shepherd,breed of large shepherd dogs used in police work and as a guide for the blind
n02107142,doberman,medium large breed of dog of German origin with a glossy black and tan coat; used as a watchdog
n02107312,miniature_pinscher,small German version of a Doberman pinscher
n02107574,greater_swiss_mountain_dog,the largest of the four Swiss breeds
n02107683,bernese_mountain_dog,large powerful long-haired black-coated Swiss dog with deep tan or russet markings on legs and white blaze and feet and chest marking; formerly used for draft
n02107908,appenzeller,a smaller of the four Swiss breeds
n02108000,entlebucher,the smallest of the Sennenhunde
n02108089,boxer,a breed of stocky medium-sized short-haired dog with a brindled coat and square-jawed muzzle developed in Germany
n02108422,bull_mastiff,large powerful breed developed by crossing the bulldog and the mastiff
n02108551,tibetan_mastiff,very large powerful rough-coated dog native to central Asia
n02108915,french_bulldog,small stocky version of the bulldog having a sleek coat and square head
n02109047,great_dane,very large powerful smooth-coated breed of dog
n02109525,saint_bernard,a Swiss alpine breed of large powerful dog with a thick coat of hair used as a rescue dog
n02109961,eskimo_dog,breed of heavy-coated Arctic sled dog
n02110063,malamute,breed of sled dog developed in Alaska
n02110185,siberian_husky,breed of sled dog developed in northeastern Siberia; they resemble the larger Alaskan malamutes
n02110341,dalmatian,a large breed having a smooth white coat with black or brown spots; originated in Dalmatia
n02110627,affenpinscher,European breed of small dog resembling a terrier with dark wiry hair and a tufted muzzle
n02110806,basenji,small smooth-haired breed of African origin having a tightly curled tail and the inability to bark
n02110958,pug,small compact smooth-coated breed of Asiatic origin having a tightly curled tail and broad flat wrinkled muzzle
n02111129,leonberg,a large dog (usually with a golden coat) produced by crossing a St Bernard and a Newfoundland
n02111277,newfoundland,a breed of very large heavy dogs with a thick coarse usually black coat; highly intelligent dogs and vigorous swimmers; developed in Newfoundland
n02111500,great_pyrenees,bred of large heavy-coated white dogs resembling the Newfoundland
n02111889,samoyed,Siberian breed of white or cream-colored dog of the spitz family
n02112018,pomeranian,breed of very small compact long-haired dogs of the spitz type
n02112137,chow,breed of medium-sized dogs with a thick coat and fluffy curled tails and distinctive blue-black tongues; believed to have originated in northern China
n02112350,keeshond,a spitz-like dog having a shaggy greyish coat and tightly curled tail originating in Holland
n02112706,brabancon_griffon,a variety of Brussels griffon having a short smooth coat
n02113023,pembroke,the smaller and straight-legged variety of corgi having pointed ears and a short tail
n02113186,cardigan,slightly bowlegged variety of corgi having rounded ears and a long tail
n02113624,toy_poodle,the breed of very small poodles
n02113712,miniature_poodle,a breed of small poodles
n02113799,standard_poodle,a breed or medium-sized poodles
n02113978,mexican_hairless,any of an old breed of small nearly hairless dogs of Mexico
n02114367,timber_wolf,a wolf with a brindled grey coat living in forested northern regions of North America
n02114548,white_wolf,wolf of Arctic North America having white fur and a black-tipped tail
n02114712,red_wolf,reddish-grey wolf of southwestern North America
n02114855,coyote,small wolf native to western North America
n02115641,dingo,wolflike yellowish-brown wild dog of Australia
n02115913,dhole,fierce wild dog of the forests of central and southeast Asia that hunts in packs
n02116738,african_hunting_dog,a powerful doglike mammal of southern and eastern Africa that hunts in large packs; now rare in settled area
n02117135,hyena,doglike nocturnal mammal of Africa and southern Asia that feeds chiefly on carrion
n02119022,red_fox,the common Old World fox; having reddish-brown fur; commonly considered a single circumpolar species
n02119789,kit_fox,small grey fox of southwestern United States; may be a subspecies of Vulpes velox
n02120079,arctic_fox,thickly-furred fox of Arctic regions; brownish in summer and white in winter
n02120505,grey_fox,dark grey American fox; from Central America through southern United States
n02123045,tabby,a cat with a grey or tawny coat mottled with black
n02123159,tiger_cat,a cat having a striped coat
n02123394,persian_cat,a long-haired breed of cat
n02123597,siamese_cat,a slender short-haired blue-eyed breed of cat having a pale coat with dark ears paws face and tail tip
n02124075,egyptian_cat,a domestic cat of Egypt
n02125311,cougar,large American feline resembling a lion
n02127052,lynx,short-tailed wildcats with usually tufted ears; valued for their fur
n02128385,leopard,large feline of African and Asian forests usually having a tawny coat with black spots
n02128757,snow_leopard,large feline of upland central Asia having long thick whitish fur
n02128925,jaguar,a large spotted feline of tropical America similar to the leopard; in some classifications considered a member of the genus Felis
n02129165,lion,large gregarious predatory feline of Africa and India having a tawny coat with a shaggy mane in the male
n02129604,tiger,large feline of forests in most of Asia having a tawny coat with black stripes; endangered
n02130308,cheetah,long-legged spotted cat of Africa and southwestern Asia having nonretractile claws; the swiftest mammal; can be trained to run down game
n02132136,brown_bear,large ferocious bear of Eurasia
n02133161,american_black_bear,brown to black North American bear; smaller and less ferocious than the brown bear
n02134084,ice_bear,white bear of Arctic regions
n02134418,sloth_bear,common coarse-haired long-snouted bear of south-central Asia
n02137549,mongoose,agile grizzled Old World viverrine; preys on snakes and rodents
n02138441,meerkat,a mongoose-like viverrine of South Africa having a face like a lemur and only four toes
n02165105,tiger_beetle,active usually bright-colored beetle that preys on other insects
n02165456,ladybug,small round bright-colored and spotted beetle that usually feeds on aphids and other insect pests
n02167151,ground_beetle,predacious shining black or metallic terrestrial beetle that destroys many injurious insects
n02168699,long-horned_beetle,long-bodied beetle having very long antennae
n02169497,leaf_beetle,brightly colored beetle that feeds on plant leaves; larvae infest roots and stems
n02172182,dung_beetle,any of numerous beetles that roll balls of dung on which they feed and in which they lay eggs
n02174001,rhinoceros_beetle,any of various large chiefly tropical beetles having horns on the head; pest on coconuts
n02177972,weevil,any of several families of mostly small beetles that feed on plants and plant products; especially snout beetles and seed beetles
n02190166,fly,two-winged insects characterized by active flight
n02206856,bee,any of numerous hairy-bodied insects including social and solitary species
n02219486,ant,social insect living in organized colonies; characteristically the males and fertile queen have wings during breeding season; wingless sterile females are the workers
n02226429,grasshopper,terrestrial plant-eating insect with hind legs adapted for leaping
n02229544,cricket,leaping insect; male makes chirping noises by rubbing the forewings together
n02231487,walking_stick,any of various mostly tropical insects having long twiglike bodies
n02233338,cockroach,any of numerous chiefly nocturnal insects; some are domestic pests
n02236044,mantis,predacious long-bodied large-eyed insect of warm regions; rests with forelimbs raised as in prayer
n02256656,cicada,stout-bodied insect with large membranous wings; male has drum-like organs for producing a high-pitched drone
n02259212,leafhopper,small leaping insect that sucks the juices of plants
n02264363,lacewing,any of two families of insects with gauzy wings (Chrysopidae and Hemerobiidae); larvae feed on insect pests such as aphids
n02268443,dragonfly,slender-bodied non-stinging insect having iridescent wings that are outspread at rest; adults and nymphs feed on mosquitoes etc.
n02268853,damselfly,slender non-stinging insect similar to but smaller than the dragonfly but having wings folded when at rest
n02276258,admiral,any of several brightly colored butterflies
n02277742,ringlet,any of various butterflies belonging to the family Satyridae
n02279972,monarch,large migratory American butterfly having deep orange wings with black and white markings; the larvae feed on milkweed
n02280649,cabbage_butterfly,white butterfly whose larvae (cabbageworms) feed on cabbage
n02281406,sulphur_butterfly,any of numerous yellow or orange butterflies
n02281787,lycaenid,any of various butterflies of the family Lycaenidae
n02317335,starfish,echinoderms characterized by five arms extending from a central disk
n02319095,sea_urchin,shallow-water echinoderms having soft bodies enclosed in thin spiny globular shells
n02321529,sea_cucumber,"echinoderm having a flexible sausage-shaped body, tentacles surrounding the mouth and tube feet; free-living mud feeders"
n02325366,wood_rabbit,common small rabbit of North America having greyish or brownish fur and a tail with a white underside; a host for Ixodes pacificus and Ixodes scapularis (Lyme disease ticks)
n02326432,hare,swift timid long-eared mammal larger than a rabbit having a divided upper lip and long hind legs; young born furred and with open eyes
n02328150,angora,domestic breed of rabbit with long white silky hair
n02342885,hamster,short-tailed Old World burrowing rodent with large cheek pouches
n02346627,porcupine,relatively large rodents with sharp erectile bristles mingled with the fur
n02356798,fox_squirrel,exceptionally large arboreal squirrel of eastern United States
n02361337,marmot,stocky coarse-furred burrowing rodent with a short bushy tail found throughout the northern hemisphere; hibernates in winter
n02363005,beaver,large semiaquatic rodent with webbed hind feet and a broad flat tail; construct complex dams and underwater lodges
n02364673,guinea_pig,stout-bodied nearly tailless domesticated cavy; often kept as a pet and widely used in research
n02389026,sorrel,a horse of a brownish orange to light brown color
n02391049,zebra,any of several fleet black-and-white striped African equines
n02395406,hog,domestic swine
n02396427,wild_boar,Old World wild swine having a narrow body and prominent tusks from which most domestic swine come; introduced in United States
n02397096,warthog,African wild swine with warty protuberances on the face and large protruding tusks
n02398521,hippopotamus,massive thick-skinned herbivorous animal living in or around rivers of tropical Africa
n02403003,ox,an adult castrated bull of the genus Bos; especially Bos taurus
n02408429,water_buffalo,an Asian buffalo that is often domesticated for use as a draft animal
n02410509,bison,any of several large humped bovids having shaggy manes and large heads and short horns
n02412080,ram,uncastrated adult male sheep
n02415577,bighorn,wild sheep of mountainous regions of western North America having massive curled horns
n02417914,ibex,wild goat of mountain areas of Eurasia and northern Africa having large recurved horns
n02422106,hartebeest,a large African antelope with lyre-shaped horns that curve backward
n02422699,impala,African antelope with ridged curved horns; moves with enormous leaps
n02423022,gazelle,small swift graceful antelope of Africa and Asia having lustrous eyes
n02437312,arabian_camel,one-humped camel of the hot deserts of northern Africa and southwestern Asia
n02437616,llama,wild or domesticated South American cud-chewing animal related to camels but smaller and lacking a hump
n02441942,weasel,small carnivorous mammal with short legs and elongated body and neck
n02442845,mink,slender-bodied semiaquatic mammal having partially webbed feet; valued for its fur
n02443114,polecat,dark brown mustelid of woodlands of Eurasia that gives off an unpleasant odor when threatened
n02443484,black-footed_ferret,musteline mammal of prairie regions of United States; nearly extinct
n02444819,otter,freshwater carnivorous mammal having webbed and clawed feet and dark brown fur
n02445715,skunk,American musteline mammal typically ejecting an intensely malodorous fluid when startled; in some classifications put in a separate subfamily Mephitinae
n02447366,badger,sturdy carnivorous burrowing mammal with strong claws; widely distributed in the northern hemisphere
n02454379,armadillo,burrowing chiefly nocturnal mammal with body covered with strong horny plates
n02457408,three-toed_sloth,a sloth that has three long claws on each forefoot and each hindfoot
n02480495,orangutan,large long-armed ape of Borneo and Sumatra having arboreal habits
n02480855,gorilla,largest anthropoid ape; terrestrial and vegetarian; of forests of central west Africa
n02481823,chimpanzee,intelligent somewhat arboreal ape of equatorial African forests
n02483362,gibbon,smallest and most perfectly anthropoid arboreal ape having long arms and no tail; of southern Asia and East Indies
n02483708,siamang,large black gibbon of Sumatra having the 2nd and 3rd toes partially united by a web
n02484975,guenon,small slender African monkey having long hind limbs and tail and long hair around the face
n02486261,patas,reddish long-tailed monkey of west Africa
n02486410,baboon,large terrestrial monkeys having doglike muzzles
n02487347,macaque,short-tailed monkey of rocky regions of Asia and Africa
n02488291,langur,slender long-tailed monkey of Asia
n02488702,colobus,arboreal monkey of western and central Africa with long silky fur and reduced thumbs
n02489166,proboscis_monkey,Borneo monkey having a long bulbous nose
n02490219,marmoset,small soft-furred South American and Central American monkey with claws instead of nails
n02492035,capuchin,monkey of Central America and South America having thick hair on the head that resembles a monk's cowl
n02492660,howler_monkey,monkey of tropical South American forests having a loud howling cry
n02493509,titi,small South American monkeys with long beautiful fur and long nonprehensile tail
n02493793,spider_monkey,arboreal monkey of tropical America with long slender legs and long prehensile tail
n02494079,squirrel_monkey,small long-tailed monkey of Central American and South America with greenish fur and black muzzle
n02497673,madagascar_cat,small lemur having its tail barred with black
n02500267,indri,large short-tailed lemur of Madagascar having thick silky fur in black and white and fawn
n02504013,indian_elephant,Asian elephant having smaller ears and tusks primarily in the male
n02504458,african_elephant,an elephant native to Africa having enormous flapping ears and ivory tusks
n02509815,lesser_panda,reddish-brown Old World raccoon-like carnivore; in some classifications considered unrelated to the giant pandas
n02510455,giant_panda,large black-and-white herbivorous mammal of bamboo forests of China and Tibet; in some classifications considered a member of the bear family or of a separate family Ailuropodidae
n02514041,barracouta,"a large marine food fish common on the coasts of Australia, New Zealand, and southern Africa"
n02526121,eel,voracious snakelike marine or freshwater fishes with smooth slimy usually scaleless skin and having a continuous vertical fin but no ventral fins
n02536864,coho,small salmon of northern Pacific coasts and the Great Lakes
n02606052,rock_beauty,gold and black butterflyfish found from West Indies to Brazil
n02607072,anemone_fish,live associated with sea anemones
n02640242,sturgeon,large primitive fishes valued for their flesh and roe; widely distributed in the North Temperate Zone
n02641379,gar,primitive predaceous North American fish covered with hard scales and having long jaws with needlelike teeth
n02643566,lionfish,brightly striped fish of the tropical Pacific having elongated spiny fins
n02655020,puffer,any of numerous marine fishes whose elongated spiny body can inflate itself with water or air to form a globe; several species contain a potent nerve poison; closely related to spiny puffers
n02666196,abacus,a calculator that performs arithmetic functions by manually sliding counters on rods or in grooves
n02667093,abaya,(Arabic) a loose black robe from head to toe; traditionally worn by Muslim women
n02669723,academic_gown,a gown worn by academics or judges
n02672831,accordion,a portable box-shaped free-reed instrument; the reeds are made to vibrate by air from the bellows controlled by the player
n02676566,acoustic_guitar,sound is not amplified by electrical means
n02687172,aircraft_carrier,a large warship that carries planes and has a long flat deck for takeoffs and landings
n02690373,airliner,a commercial airplane that carries passengers
n02692877,airship,a steerable self-propelled aircraft
n02699494,altar,a raised structure on which gifts or sacrifices to a god are made
n02701002,ambulance,a vehicle that takes people to and from hospitals
n02704792,amphibian,a flat-bottomed motor vehicle that can travel on land or water
n02708093,analog_clock,a clock that displays the time of day by the position of hands on a dial
n02727426,apiary,a shed containing a number of beehives
n02730930,apron,a garment of cloth or leather or plastic that is tied about the waist and worn to protect your clothing
n02747177,ashcan,a bin that holds rubbish until it is collected
n02749479,assault_rifle,any of the automatic rifles or semiautomatic rifles with large magazines designed for military use
n02769748,backpack,a bag carried by a strap on your back or shoulder
n02776631,bakery,a workplace where baked goods (breads and cakes and pastries) are produced or sold
n02777292,balance_beam,a gymnastic apparatus used by women gymnasts
n02782093,balloon,large tough nonrigid bag filled with gas or heated air
n02783161,ballpoint,a pen that has a small metal ball as the point of transfer of ink to paper
n02786058,band_aid,trade name for an adhesive bandage to cover small cuts or blisters
n02787622,banjo,a stringed instrument of the guitar family that has long neck and circular body
n02788148,bannister,a railing at the side of a staircase or balcony to prevent people from falling
n02790996,barbell,a bar to which heavy discs are attached at each end; used in weightlifting
n02791124,barber_chair,a large fixed adjustable chair in which barbers seat their customers
n02791270,barbershop,a shop where men can get their hair cut
n02793495,barn,an outlying farm building for storing grain or animal feed and housing farm animals
n02794156,barometer,an instrument that measures atmospheric pressure
n02795169,barrel,a cylindrical container that holds liquids
n02797295,barrow,a cart for carrying small loads; has handles and one or more wheels
n02799071,baseball,a ball used in playing baseball
n02802426,basketball,an inflated ball used in playing basketball
n02804414,bassinet,a basket (usually hooded) used as a baby's bed
n02804610,bassoon,a double-reed instrument; the tenor of the oboe family
n02807133,bathing_cap,a tight-fitting cap that keeps hair dry while swimming
n02808304,bath_towel,a large towel; to dry yourself after a bath
n02808440,bathtub,a relatively large open container that you fill with water and use to wash the body
n02814533,beach_wagon,a car that has a long body and rear door with space behind rear seat
n02814860,beacon,a tower with a light that gives warning of shoals to passing ships
n02815834,beaker,a flatbottomed jar made of glass or plastic; used for chemistry
n02817516,bearskin,tall hat; worn by some British soldiers on ceremonial occasions
n02823428,beer_bottle,a bottle that holds beer
n02823750,beer_glass,a relatively large glass for serving beer
n02825657,bell_cote,a small shelter for bells; has a gable or shed roof
n02834397,bib,top part of an apron; covering the chest
n02835271,bicycle-built-for-two,a bicycle with two sets of pedals and two seats
n02837789,bikini,a woman's very brief bathing suit
n02840245,binder,holds loose papers or magazines
n02841315,binoculars,an optical instrument designed for simultaneous use by both eyes
n02843684,birdhouse,a shelter for birds
n02859443,boathouse,a shed at the edge of a river or lake; used to store boats
n02860847,bobsled,a long racing sled (for 2 or more people) with a steering mechanism
n02865351,bolo_tie,a cord fastened around the neck with an ornamental clasp and worn as a necktie
n02869837,bonnet,a hat tied under the chin
n02870880,bookcase,a piece of furniture with shelves for storing books
n02871525,bookshop,a shop where books are sold
n02877765,bottlecap,a cap that seals a bottle
n02879718,bow,"a weapon for shooting arrows, composed of a curved piece of resilient wood with a taut cord to propel the arrow"
n02883205,bow_tie,a man's tie that ties in a bow
n02892201,brass,a memorial made of brass
n02892767,brassiere,an undergarment worn by women to support their breasts
n02894605,breakwater,a protective structure of stone or concrete; extends from shore into the water to prevent a beach from washing away
n02895154,breastplate,armor plate that protects the chest; the front part of a cuirass
n02906734,broom,a cleaning implement for sweeping; bundle of straws or twigs attached to a long handle
n02909870,bucket,a roughly cylindrical vessel that is open at the top
n02910353,buckle,fastener that fastens together two ends of a belt or strap; often has loose prong
n02916936,bulletproof_vest,a vest capable of resisting the impact of a bullet
n02917067,bullet_train,a high-speed passenger train
n02927161,butcher_shop,a shop in which meat and poultry (and sometimes fish) are sold
n02930766,cab,a car driven by a person whose job is to take passengers where they want to go in exchange for money
n02939185,caldron,a very large pot that is used for boiling
n02948072,candle,stick of wax with a wick in the middle
n02950826,cannon,heavy gun fired from a tank
n02951358,canoe,small and light boat; pointed at both ends; propelled with a paddle
n02951585,can_opener,a device for cutting cans open
n02963159,cardigan,knitted jacket that is fastened up the front with buttons or a zipper
n02965783,car_mirror,a mirror that the driver of a car can use
n02966193,carousel,"a large, rotating machine with seats for children to ride or amusement"
n02966687,carpenter's_kit,a set of carpenter's tools
n02971356,carton,a box made of cardboard; opens by flaps on top
n02974003,car_wheel,a wheel that has a tire and rim and hubcap; used to propel the car
n02977058,cash_machine,an unattended machine (outside some banks) that dispenses money when a personal coded card is used
n02978881,cassette,a container that holds a magnetic tape used for recording or playing sound or video
n02979186,cassette_player,electronic equipment for playing cassettes
n02980441,castle,a large building formerly occupied by a ruler and fortified against attack
n02981792,catamaran,a sailboat with two parallel hulls held together by single deck
n02988304,cd_player,a stand-alone piece of electronic equipment that either has its own display or attaches to a television set
n02992211,cello,a large stringed instrument; seated player holds it upright while playing
n02992529,cellular_telephone,"a hand-held mobile radiotelephone for use in an area divided into small sections, each with its own short-range transmitter/receiver"
n02999410,chain,a series of (usually metal) rings or links fitted into one another to make a flexible ligament
n03000134,chainlink_fence,a fence of steel wires woven into a diamond pattern
n03000247,chain_mail,(Middle Ages) flexible armor made of interlinked metal rings
n03000684,chain_saw,portable power saw; teeth linked to form an endless chain
n03014705,chest,box with a lid; used for storage; usually large and sturdy
n03016953,chiffonier,a tall elegant chest of drawers
n03017168,chime,a percussion instrument consisting of a set of tuned bells that are struck with a hammer; used as an orchestral instrument
n03018349,china_cabinet,a cabinet (usually with glass doors) for storing and displaying china
n03026506,christmas_stocking,a stocking that is filled with small Christmas presents
n03028079,church,a place for public (especially Christian) worship
n03032252,cinema,a theater where films are shown
n03041632,cleaver,a butcher's knife having a large square blade
n03042490,cliff_dwelling,a rock and adobe dwelling built on sheltered ledges in the sides of a cliff
n03045698,cloak,anything that covers or conceals
n03047690,clog,footwear usually with wooden soles
n03062245,cocktail_shaker,a shaker for mixing cocktails
n03063599,coffee_mug,a mug intended for serving coffee
n03063689,coffeepot,tall pot in which coffee is brewed
n03065424,coil,a structure consisting of something wound in a continuous series of loops
n03075370,combination_lock,lock that can be opened only by turning dials in a special sequence
n03085013,computer_keyboard,a keyboard that is a data input device for computers; arrangement of keys is modelled after the typewriter keyboard
n03089624,confectionery,a confectioner's shop
n03095699,container_ship,a cargo ship designed to hold containerized cargoes
n03100240,convertible,a car that has top that can be folded or removed
n03109150,corkscrew,a bottle opener that pulls corks
n03110669,cornet,a brass musical instrument with a brilliant tone; has a narrow tube and a flared bell and is played by means of valves
n03124043,cowboy_boot,a boot with a high arch and fancy stitching; worn by American cowboys
n03124170,cowboy_hat,a hat with a wide brim and a soft crown; worn by American ranch hands
n03125729,cradle,a baby bed with sides and rockers
n03126707,crane,lifts and moves heavy objects; lifting tackle is suspended from a pivoted boom that rotates around a vertical axis
n03127747,crash_helmet,a padded helmet worn by people riding bicycles or motorcycles; protects the head in case of accidents
n03127925,crate,a rugged box (usually made of wood); used for shipping
n03131574,crib,baby bed with high sides made of slats
n03133878,crock_pot,an electric cooker that maintains a relatively low temperature
n03134739,croquet_ball,a wooden ball used in playing croquet
n03141823,crutch,a wooden or metal staff that fits under the armpit and reaches to the ground; used by disabled person while walking
n03146219,cuirass,medieval body armor that covers the chest and back
n03160309,dam,a barrier constructed to contain the flow of water or to keep out the sea
n03179701,desk,a piece of furniture with a writing surface and usually drawers or other compartments
n03180011,desktop_computer,a personal computer small enough to fit conveniently in an individual workspace
n03187595,dial_telephone,a telephone with a dial for registering the number to be called
n03188531,diaper,garment consisting of a folded cloth drawn up between the legs and fastened at the waist; worn by infants to catch excrement
n03196217,digital_clock,a clock that displays the time of day digitally
n03197337,digital_watch,a watch with a digital display
n03201208,dining_table,a table at which meals are served
n03207743,dishrag,a cloth for washing dishes
n03207941,dishwasher,a machine for washing dishes
n03208938,disk_brake,hydraulic brake in which friction is applied to both sides of a spinning disk by the brake pads
n03216828,dock,landing in a harbor next to a pier where ships are loaded and unloaded or repaired; may have gates to let water in or out
n03218198,dogsled,a sled pulled by dogs
n03220513,dome,a hemispherical roof
n03223299,doormat,a mat placed outside an exterior door for wiping the shoes before entering
n03240683,drilling_platform,drilling rig consisting of an offshore platform (floating or fixed to the sea bed) from which many oil wells can be bored radially
n03249569,drum,a musical percussion instrument; usually consists of a hollow cylinder with a membrane stretched across each end
n03250847,drumstick,a stick used for playing a drum
n03255030,dumbbell,an exercising weight; two spheres connected by a short bar that serves as a handle
n03259280,dutch_oven,an oven consisting of a metal box for cooking in front of a fire
n03271574,electric_fan,a fan run by an electric motor
n03272010,electric_guitar,a guitar whose sound is amplified by electrical means
n03272562,electric_locomotive,a locomotive that is powered by an electric motor
n03290653,entertainment_center,a wall unit containing sound and television systems
n03291819,envelope,"a flat (usually rectangular) container for a letter, thin package, etc."
n03297495,espresso_maker,a coffee maker that forces live steam under pressure through dark roasted coffee grounds
n03314780,face_powder,cosmetic powder for the face
n03325584,feather_boa,a long thin fluffy scarf of feathers or fur
n03337140,file,office furniture consisting of a container for keeping papers in order
n03344393,fireboat,a boat equipped to fight fires on ships or along a waterfront
n03345487,fire_engine,any of various large trucks that carry firemen and equipment to the site of a fire
n03347037,fire_screen,a metal screen before an open fire for protection (especially against flying sparks)
n03355925,flagpole,a tall staff or pole on which a flag is raised
n03372029,flute,a high-pitched woodwind instrument; a slender tube closed at one end with finger holes on one end and an opening near the closed end across which the breath is blown
n03376595,folding_chair,a chair that can be folded flat for storage
n03379051,football_helmet,a padded helmet with a face mask to protect the head of football players
n03384352,forklift,a small industrial vehicle with a power operated forked platform in front that can be inserted under loads to lift and move them
n03388043,fountain,a structure from which an artificially produced jet of water arises
n03388183,fountain_pen,a pen that is supplied with ink from a reservoir in its barrel
n03388549,four-poster,a bed with posts at the four corners that can be used to support a canopy or curtains
n03393912,freight_car,a railway car that carries freight
n03394916,french_horn,a brass musical instrument consisting of a conical tube that is coiled into a spiral and played by means of valves
n03400231,frying_pan,a pan used for frying foods
n03404251,fur_coat,a coat made of fur
n03417042,garbage_truck,a truck for collecting domestic refuse
n03424325,gasmask,a protective mask with a filter; protects the face and lungs against poisonous gases
n03425413,gas_pump,a pump in a service station that draws gasoline from underground storage tanks
n03443371,goblet,a drinking glass with a base and stem
n03444034,go-kart,a small low motor vehicle with four wheels and an open framework; used for racing
n03445777,golf_ball,a small hard ball used in playing golf; dimpled to reduce wind resistance
n03445924,golfcart,a small motor vehicle in which golfers can ride between shots
n03447447,gondola,long narrow flat-bottomed boat propelled by sculling; traditionally used on canals of Venice
n03447721,gong,a percussion instrument consisting of a metal plate that is struck with a softheaded drumstick
n03450230,gown,"a woman's dress, usually with a close-fitting bodice and a long flared skirt, often worn on formal occasions"
n03452741,grand_piano,a piano with the strings on a horizontal harp-shaped frame; usually supported by three legs
n03457902,greenhouse,a building with glass walls and roof; for the cultivation and exhibition of plants under controlled conditions
n03459775,grille,grating that admits cooling air to car's radiator
n03461385,grocery_store,a marketplace where groceries are sold
n03467068,guillotine,instrument of execution that consists of a weighted blade between two vertical poles; used for beheading people
n03476684,hair_slide,a decorative hinged clip that girls and women put in their hair to hold it in place
n03476991,hair_spray,toiletry consisting of a commercial preparation that is sprayed on the hair to hold it in place
n03478589,half_track,a motor vehicle propelled by half tracks; frequently used by the military
n03481172,hammer,a hand tool with a heavy rigid head and a handle; used to deliver an impulsive force by striking
n03482405,hamper,a basket usually with a cover
n03483316,hand_blower,a hand-held electric blower that can blow warm air onto the hair; used for styling hair
n03485407,hand-held_computer,a portable battery-powered computer small enough to be carried in your pocket
n03485794,handkerchief,a square piece of cloth used for wiping the eyes or nose or as a costume accessory
n03492542,hard_disc,a rigid magnetic disk mounted permanently in a drive unit
n03494278,harmonica,a small rectangular free-reed instrument having a row of free reeds set back in air holes and played by blowing into the desired hole
n03495258,harp,a chordophone that has a triangular frame consisting of a sounding board and a pillar and a curved neck; the strings stretched between the neck and the soundbox are plucked with the fingers
n03496892,harvester,farm machine that gathers a food crop from the fields
n03498962,hatchet,a small ax with a short handle used with one hand (usually to chop wood)
n03527444,holster,a sheath (usually leather) for carrying a handgun
n03529860,home_theater,television and video equipment designed to reproduce in the home the experience of being in a movie theater
n03530642,honeycomb,a framework of hexagonal cells resembling the honeycomb built by bees
n03532672,hook,a mechanical device that is curved or bent to suspend or hold or pull something
n03534580,hoopskirt,a skirt stiffened with hoops
n03535780,horizontal_bar,gymnastic apparatus consisting of a bar supported in a horizontal position by uprights at both ends
n03538406,horse_cart,heavy cart; drawn by a horse; used for farm work
n03544143,hourglass,a sandglass that runs for sixty minutes
n03584254,ipod,(trademark) a pocket-sized device used to play music files
n03584829,iron,home appliance consisting of a flat metal base that is heated and used to smooth cloth
n03590841,jack-o'-lantern,lantern carved from a pumpkin
n03594734,jean,(usually plural) close-fitting trousers of heavy denim for manual work or casual wear
n03594945,jeep,a car suitable for traveling over rough terrain
n03595614,jersey,a close-fitting pullover shirt
n03598930,jigsaw_puzzle,a puzzle that requires you to reassemble a picture that has been mounted on a stiff base and cut into interlocking pieces
n03599486,jinrikisha,a small two-wheeled cart for one passenger; pulled by one person
n03602883,joystick,a manual control consisting of a vertical handle that can move freely in two directions; used as an input device to computers or to devices controlled by computers
n03617480,kimono,a loose robe; imitated from robes originally worn by Japanese
n03623198,knee_pad,protective garment consisting of a pad worn by football or baseball or hockey players
n03627232,knot,any of various fastenings formed by looping and tying a rope (or cord) upon itself or to another rope or to another object
n03630383,lab_coat,a light coat worn to protect clothing from substances used while working in a laboratory
n03633091,ladle,a spoon-shaped vessel with a long handle; frequently used to transfer liquids from one container to another
n03637318,lampshade,a protective ornamental shade used to screen a light bulb from direct view
n03642806,laptop,a portable computer small enough to use in your lap
n03649909,lawn_mower,garden tool for mowing grass on lawns
n03657121,lens_cap,cap used to keep lens free of dust when not in use
n03658185,letter_opener,dull knife used to cut open the envelopes in which letters are mailed or to slit uncut pages of books
n03661043,library,a building that houses a collection of books and other materials
n03662601,lifeboat,a strong sea boat designed to rescue people from a sinking ship
n03666591,lighter,a device for lighting or igniting fuel or charges or fires
n03670208,limousine,large luxurious car; usually driven by a chauffeur
n03673027,liner,a large commercial ship (especially one that carries passengers on a regular schedule)
n03676483,lipstick,makeup that is used to color the lips
n03680355,loafer,a low leather step-in shoe; the top resembles a moccasin but it has a broad flat heel
n03690938,lotion,any of various cosmetic preparations that are applied to the skin
n03691459,loudspeaker,electro-acoustic transducer that converts electrical signals into sounds loud enough to be heard at a distance
n03692522,loupe,small magnifying glass (usually set in an eyepiece) used by jewelers and horologists
n03697007,lumbermill,a mill for dressing logs and lumber
n03706229,magnetic_compass,compass based on an indicator (as a magnetic needle) that points to the magnetic north
n03709823,mailbag,letter carrier's shoulder bag
n03710193,mailbox,a private box for delivery of mail
n03710637,maillot,tights for dancers or gymnasts
n03710721,maillot,a woman's one-piece bathing suit
n03717622,manhole_cover,a flush iron cover for a manhole (as in a street)
n03720891,maraca,a percussion instrument consisting of a hollow gourd containing pebbles or beans; often played in pairs
n03721384,marimba,a percussion instrument with wooden bars tuned to produce a chromatic scale and with resonators; played with small mallets
n03724870,mask,a covering to disguise or conceal the face
n03729826,matchstick,a short thin stick of wood used in making matches
n03733131,maypole,a vertical pole or post decorated with streamers that can be held by dancers celebrating May Day
n03733281,maze,complex system of paths or tunnels in which it is easy to get lost
n03733805,measuring_cup,graduated cup used to measure liquid or granular ingredients
n03742115,medicine_chest,cabinet that holds medicines and toiletries
n03743016,megalith,memorial consisting of a very large stone forming part of a prehistoric structure (especially in western Europe)
n03759954,microphone,device for converting sound waves into electrical energy
n03761084,microwave,kitchen appliance that cooks food by passing an electromagnetic wave through it; heat results from the absorption of energy by the water molecules in the food
n03763968,military_uniform,prescribed identifying uniform for soldiers
n03764736,milk_can,large can for transporting milk
n03769881,minibus,a light bus (4 to 10 passengers)
n03770439,miniskirt,a very short skirt
n03770679,minivan,a small box-shaped passenger van; usually has removable seats; used as a family car
n03773504,missile,a rocket carrying a warhead of conventional or nuclear explosives; may be ballistic or directed by remote control
n03775071,mitten,glove that encases the thumb separately and the other four fingers together
n03775546,mixing_bowl,bowl used with an electric mixer
n03776460,mobile_home,a large house trailer that can be connected to utilities and can be parked in one place and used as permanent housing
n03777568,model_t,the first widely available automobile powered by a gasoline engine; mass-produced by Henry Ford from 1908 to 1927
n03777754,modem,(from a combination of MOdulate and DEModulate) electronic equipment consisting of a device used to connect computers by a telephone line
n03781244,monastery,the residence of a religious community
n03782006,monitor,electronic equipment that is used to check the quality or content of electronic transmissions
n03785016,moped,a motorbike that can be pedaled or driven by a low-powered gasoline engine
n03786901,mortar,a bowl-shaped vessel in which substances can be ground and mixed with a pestle
n03787032,mortarboard,an academic cap with a flat square with a tassel on top
n03788195,mosque,(Islam) a Muslim place of worship that usually has a minaret
n03788365,mosquito_net,a fine net or screen (especially around beds) to protect against mosquitos
n03791053,motor_scooter,a wheeled vehicle with small wheels and a low-powered gasoline engine geared to the rear wheel
n03792782,mountain_bike,a bicycle with a sturdy frame and fat tires; originally designed for riding in mountainous country
n03792972,mountain_tent,a lightweight tent with a floor; flaps close with a zipper
n03793489,mouse,a hand-operated electronic device that controls the coordinates of a cursor on your computer screen as you move it around on a pad; on the bottom of the device is a ball that rolls on the surface of the pad
n03794056,mousetrap,a trap for catching mice
n03796401,moving_van,a van used for moving home or office furniture
n03803284,muzzle,a leather or wire restraint that fits over an animal's snout (especially a dog's nose and jaws) and prevents it from eating or biting
n03804744,nail,a thin pointed piece of metal that is hammered into materials as a fastener
n03814639,neck_brace,a brace worn to steady the neck
n03814906,necklace,jewelry consisting of a cord or chain (often bearing gems) worn about the neck as an ornament (especially by women)
n03825788,nipple,a flexible cap on a baby's feeding bottle or pacifier
n03832673,notebook,a small compact portable computer
n03837869,obelisk,a stone pillar having a rectangular cross section tapering towards a pyramidal top
n03838899,oboe,a slender double-reed instrument; a woodwind with a conical bore and a double-reed mouthpiece
n03840681,ocarina,egg-shaped terra cotta wind instrument with a mouthpiece and finger holes
n03841143,odometer,a meter that shows mileage traversed
n03843555,oil_filter,a filter that removes impurities from the oil used to lubricate an internal-combustion engine
n03854065,organ,wind instrument whose sound is produced by means of pipes arranged in sets supplied with air from a bellows and controlled from a large complex musical keyboard
n03857828,oscilloscope,electronic equipment that provides visual images of varying electrical quantities
n03866082,overskirt,an outer skirt worn over another skirt
n03868242,oxcart,a cart that is drawn by an ox
n03868863,oxygen_mask,a breathing device that is placed over the mouth and nose; supplies oxygen from an attached storage tank
n03871628,packet,a small package or bundle
n03873416,paddle,a short light oar used without an oarlock to propel a canoe or small boat
n03874293,paddlewheel,a large wheel fitted with paddles and driven by an engine in order to propel a boat
n03874599,padlock,a detachable lock; has a hinged shackle that can be passed through the staple of a hasp or the links in a chain and then snapped shut
n03876231,paintbrush,a brush used as an applicator (to apply paint)
n03877472,pajama,(usually plural) loose-fitting nightclothes worn for sleeping or lounging; have a jacket top and trousers
n03877845,palace,official residence of an exalted person (as a sovereign)
n03884397,panpipe,a primitive wind instrument consisting of several parallel pipes bound together
n03887697,paper_towel,a disposable towel made of absorbent paper
n03888257,parachute,rescue equipment consisting of a device that fills with air and retards your fall
n03888605,parallel_bars,gymnastic apparatus consisting of two parallel wooden rods supported on uprights
n03891251,park_bench,a bench in a public park
n03891332,parking_meter,a coin-operated timer located next to a parking space; depositing money into it entitles you to park your car there for a specified length of time
n03895866,passenger_car,a railcar where passengers ride
n03899768,patio,usually paved outdoor area adjoining a residence
n03902125,pay-phone,a coin-operated telephone
n03903868,pedestal,an architectural support or base (as for a column or statue)
n03908618,pencil_box,a box for holding pencils
n03908714,pencil_sharpener,a rotary implement for sharpening the point on pencils
n03916031,perfume,a toiletry that emits and diffuses a fragrant odor
n03920288,petri_dish,a shallow dish used to culture bacteria
n03924679,photocopier,a copier that uses photographic methods of making copies
n03929660,pick,a small thin device (of metal or plastic or ivory) used to pluck a stringed instrument
n03929855,pickelhaube,a spiked helmet worn by German soldiers
n03930313,picket_fence,a fence made of upright pickets
n03930630,pickup,a light truck with an open body and low sides and a tailboard
n03933933,pier,a support for two adjacent bridge spans
n03935335,piggy_bank,a child's coin bank (often shaped like a pig)
n03937543,pill_bottle,a small bottle for holding pills
n03938244,pillow,a cushion to support the head of a sleeping person
n03942813,ping-pong_ball,light hollow ball used in playing table tennis
n03944341,pinwheel,a wheel that has numerous pins that are set at right angles to its rim
n03947888,pirate,a ship that is manned by pirates
n03950228,pitcher,an open vessel with a handle and a spout for pouring
n03954731,plane,a carpenter's hand tool with an adjustable blade for smoothing or shaping wood
n03956157,planetarium,a building housing an instrument for projecting the positions of the planets onto a domed ceiling
n03958227,plastic_bag,a bag made of thin plastic material
n03961711,plate_rack,a rack for holding plates to dry after they have been washed
n03967562,plow,a farm tool having one or more heavy blades to break the soil and cut a furrow prior to sowing
n03970156,plunger,hand tool consisting of a stick with a rubber suction cup at one end; used to clean clogged drains
n03976467,polaroid_camera,a camera that develops and produces a positive print within seconds
n03976657,pole,a long (usually round) rod of wood or metal or plastic
n03977966,police_van,van used by police to transport prisoners
n03980874,poncho,a blanket-like cloak with a hole in the center for the head
n03982430,pool_table,game equipment consisting of a heavy table on which pool is played
n03983396,pop_bottle,a bottle for holding soft drinks
n03991062,pot,a container in which plants are cultivated
n03992509,potter's_wheel,a horizontal rotating wheel holding the clay being shaped by a potter
n03995372,power_drill,a power tool for drilling holes into hard materials
n03998194,prayer_rug,a small rug used by Muslims during their devotions
n04004767,printer,(computer science) an output device that prints the results of data processing
n04005630,prison,a correctional institution where persons are confined while on trial or for punishment
n04008634,projectile,a weapon that is forcibly thrown or projected at a targets but is not self-propelled
n04009552,projector,an optical instrument that projects an enlarged image onto a screen
n04019541,puck,a vulcanized rubber disk 3 inches in diameter that is used instead of a ball in ice hockey
n04023962,punching_bag,an inflated ball or bag that is suspended and punched for training in boxing
n04026417,purse,a small bag for carrying money
n04033901,quill,pen made from a bird's feather
n04033995,quilt,bedding made of two layers of cloth filled with stuffing and stitched together
n04037443,racer,a fast car that competes in races
n04039381,racket,a sports implement (usually consisting of a handle and an oval frame with a tightly interlaced network of strings) used to strike a ball (or shuttlecock) in various games
n04040759,radiator,a mechanism consisting of a metal honeycomb through which hot fluids circulate; heat is transferred from the fluid through the honeycomb to the airstream that is created either by the motion of the vehicle or by a fan
n04041544,radio,a communication system based on broadcasting electromagnetic waves
n04044716,radio_telescope,astronomical telescope that picks up electromagnetic radiations in the radio-frequency range from extraterrestrial sources
n04049303,rain_barrel,a barrel used as a cistern to hold rainwater
n04065272,recreational_vehicle,a motorized wheeled vehicle used for camping or other recreational activities
n04067472,reel,winder consisting of a revolving spool with a handle; attached to a fishing rod
n04069434,reflex_camera,camera that allows the photographer to view and focus the exact scene being photographed
n04070727,refrigerator,white goods in which food can be stored at low temperatures
n04074963,remote_control,a device that can be used to control a machine or apparatus from a distance
n04081281,restaurant,a building where people go to eat
n04086273,revolver,a pistol with a revolving cylinder (usually having six chambers for bullets)
n04090263,rifle,a shoulder firearm with a long barrel and a rifled bore
n04099969,rocking_chair,a chair mounted on rockers
n04111531,rotisserie,an oven or broiler equipped with a rotating spit on which meat cooks as it turns
n04116512,rubber_eraser,an eraser made of rubber (or of a synthetic material with properties similar to rubber); commonly mounted at one end of a pencil
n04118538,rugby_ball,inflated oval ball used in playing rugby
n04118776,rule,measuring stick consisting of a strip of wood or metal or plastic with a straight edge that is used for drawing straight lines and measuring lengths
n04120489,running_shoe,a light comfortable shoe designed for running
n04125021,safe,strongbox where valuables can be safely kept
n04127249,safety_pin,a pin in the form of a clasp; has a guard so the point of the pin will not stick the user
n04131690,saltshaker,a shaker with a perforated top for sprinkling salt
n04133789,sandal,a shoe consisting of a sole fastened by straps to the foot
n04136333,sarong,a loose skirt consisting of brightly colored fabric wrapped around the body; worn by both women and men in the South Pacific
n04141076,sax,a single-reed woodwind with a conical bore
n04141327,scabbard,a sheath for a sword or dagger or bayonet
n04141975,scale,a measuring instrument for weighing; shows amount of mass
n04146614,school_bus,a bus used to transport children to or from school
n04147183,schooner,sailing vessel used in former times
n04149813,scoreboard,a large board for displaying the score of a contest (and some other information)
n04152593,screen,the display that is electronically created on the surface of the large end of a cathode-ray tube
n04153751,screw,a fastener with a tapered threaded shank and a slotted head
n04154565,screwdriver,a hand tool for driving screws; has a tip that fits into the head of a screw
n04162706,seat_belt,a safety belt used in a car or plane to hold you in your seat in case of an accident
n04179913,sewing_machine,a textile machine used as a home appliance for sewing
n04192698,shield,armor carried on the arm to intercept blows
n04200800,shoe_shop,a shop where shoes are sold
n04201297,shoji,a translucent screen made of a wooden frame covered with rice paper
n04204238,shopping_basket,a handbasket used to carry goods while shopping
n04204347,shopping_cart,a handcart that holds groceries or other goods while shopping
n04208210,shovel,a hand tool for lifting loose material; consists of a curved container or scoop and a handle
n04209133,shower_cap,a tight cap worn to keep hair dry while showering
n04209239,shower_curtain,a curtain that keeps water from splashing out of the shower area
n04228054,ski,narrow wood or metal or plastic runners used in pairs for gliding over snow
n04229816,ski_mask,a woolen face mask to protect the face from cold while skiing on snow
n04235860,sleeping_bag,large padded bag designed to be slept in outdoors; usually rolls up like a bedroll
n04238763,slide_rule,analog computer consisting of a handheld instrument used for rapid calculations; have been replaced by pocket calculators
n04239074,sliding_door,a door that opens by sliding instead of swinging
n04243546,slot,a slot machine that is used for gambling
n04251144,snorkel,breathing device consisting of a bent tube fitting into a swimmer's mouth and extending above the surface; allows swimmer to breathe while face down in the water
n04252077,snowmobile,tracked vehicle for travel on snow having skis in front
n04252225,snowplow,a vehicle used to push snow from roads
n04254120,soap_dispenser,dispenser of liquid soap
n04254680,soccer_ball,an inflated ball used in playing soccer
n04254777,sock,hosiery consisting of a cloth covering for the foot; worn inside the shoe; reaches to between the ankle and the knee
n04258138,solar_dish,a concave mirror that concentrates the rays of the sun; can produce high temperatures
n04259630,sombrero,a straw hat with a tall crown and broad brim; worn in American southwest and in Mexico
n04263257,soup_bowl,a bowl for serving soup
n04264628,space_bar,the bar-shaped typewriter key that introduces spaces when used
n04265275,space_heater,heater consisting of a self-contained (usually portable) unit to warm a room
n04266014,space_shuttle,a reusable spacecraft with wings for a controlled descent through the Earth's atmosphere
n04270147,spatula,a turner with a narrow flexible blade
n04273569,speedboat,a fast motorboat
n04275548,spider_web,a web resembling the webs spun by spiders
n04277352,spindle,a stick or pin used to twist the yarn in spinning
n04285008,sports_car,a small low car with a high-powered engine; usually seats two persons
n04286575,spotlight,a lamp that produces a strong beam of light to illuminate a restricted area; used to focus attention of a stage performer
n04296562,stage,a large platform on which people can stand and can be seen by an audience
n04310018,steam_locomotive,a locomotive powered by a steam engine
n04311004,steel_arch_bridge,a steel bridge constructed in the form of an arch
n04311174,steel_drum,a concave percussion instrument made from the metal top of an oil drum; has an array of flattened areas that produce different tones when struck (of Caribbean origin)
n04317175,stethoscope,a medical instrument for listening to the sounds generated inside the body
n04325704,stole,a wide scarf worn about their shoulders by women
n04326547,stone_wall,a fence built of rough stones; used to separate fields
n04328186,stopwatch,a timepiece that can be started or stopped for exact timing (as of a race)
n04330267,stove,any heating apparatus
n04332243,strainer,a filter to retain larger pieces while smaller pieces and liquids pass through
n04335435,streetcar,a wheeled vehicle that runs on rails and is propelled by electricity
n04336792,stretcher,a litter for transporting people who are ill or wounded or dead; usually consists of a sheet of canvas stretched between two poles
n04344873,studio_couch,convertible consisting of an upholstered couch that can be converted into a double bed
n04346328,stupa,a dome-shaped shrine erected by Buddhists
n04347754,submarine,a submersible warship usually armed with torpedoes
n04350905,suit,a set of garments (usually including a jacket and trousers or skirt) for outerwear all of the same fabric and color
n04355338,sundial,timepiece that indicates the daylight hours by the shadow that the gnomon casts on a calibrated dial
n04355933,sunglass,a convex lens that focuses the rays of the sun; used to start a fire
n04356056,sunglasses,spectacles that are darkened or polarized to protect the eyes from the glare of the sun
n04357314,sunscreen,a cream spread on the skin; contains a chemical (as PABA) to filter out ultraviolet light and so protect from sunburn
n04366367,suspension_bridge,a bridge that has a roadway supported by cables that are anchored at both ends
n04367480,swab,cleaning implement consisting of absorbent material fastened to a handle; for cleaning floors
n04370456,sweatshirt,cotton knit pullover with long sleeves worn during athletic activity
n04371430,swimming_trunks,swimsuit worn by men while swimming
n04371774,swing,mechanical device used as a plaything to support someone swinging back and forth
n04372370,switch,control consisting of a mechanical or electrical or electronic device for making or breaking or changing the connections in a circuit
n04376876,syringe,a medical instrument used to inject or withdraw fluids
n04380533,table_lamp,a lamp that sits on a table
n04389033,tank,an enclosed armored military vehicle; has a cannon and moves on caterpillar treads
n04392985,tape_player,electronic equipment for playing back magnetic tapes
n04398044,teapot,pot for brewing tea; usually has a spout and handle
n04399382,teddy,plaything consisting of a child's toy bear (usually plush and stuffed with soft materials)
n04404412,television,a telecommunication system that transmits images of objects (stationary or moving) between distant points
n04409515,tennis_ball,ball about the size of a fist used in playing tennis
n04417672,thatch,a house roof made with a plant material (as straw)
n04418357,theater_curtain,a hanging cloth that conceals the stage from the view of the audience; rises or parts at the beginning and descends or closes between acts and at the end of a performance
n04423845,thimble,a small metal cap to protect the finger while sewing; can be used as a small container
n04428191,thresher,a farm machine for separating seeds or grain from the husks and straw
n04429376,throne,"the chair of state for a monarch, bishop, etc."
n04435653,tile_roof,a roof made of fired clay tiles
n04442312,toaster,a kitchen appliance (usually electric) for toasting bread
n04443257,tobacco_shop,a shop that sells pipes and pipe tobacco and cigars and cigarettes
n04447861,toilet_seat,the hinged seat on a toilet
n04456115,torch,a light usually carried in the hand; consists of some flammable substance
n04458633,totem_pole,a tribal emblem consisting of a pillar carved and painted with totemic figures; erected by Indian tribes of the northwest Pacific coast
n04461696,tow_truck,a truck equipped to hoist and pull wrecked cars (or to remove cars from no-parking zones)
n04462240,toyshop,shop where toys are sold
n04465501,tractor,a wheeled vehicle with large wheels; used in farming and other applications
n04467665,trailer_truck,a truck consisting of a tractor and trailer together
n04476259,tray,an open receptacle for holding or displaying or serving articles or food
n04479046,trench_coat,a military style raincoat; belted with deep pockets
n04482393,tricycle,a vehicle with three wheels that is moved by foot pedals
n04483307,trimaran,a fast sailboat with 3 parallel hulls
n04485082,tripod,a three-legged rack used for support
n04486054,triumphal_arch,a monumental archway; usually they are built to commemorate some notable victory
n04487081,trolleybus,a passenger bus with an electric motor that draws power from overhead wires
n04487394,trombone,a brass instrument consisting of a long tube whose length can be varied by a U-shaped slide
n04493381,tub,a large open vessel for holding or storing liquids
n04501370,turnstile,a gate consisting of a post that acts as a pivot for rotating arms; set in a passageway for controlling the persons entering
n04505470,typewriter_keyboard,a keyboard for manually entering characters to be printed
n04507155,umbrella,a lightweight handheld collapsible canopy
n04509417,unicycle,a vehicle with a single wheel that is driven by pedals
n04515003,upright,a piano with a vertical sounding board
n04517823,vacuum,an electrical home appliance that cleans by suction
n04522168,vase,an open jar of glass or porcelain used as an ornament or to hold flowers
n04523525,vault,an arched brick or stone ceiling or roof
n04525038,velvet,a silky densely piled fabric with a plain back
n04525305,vending_machine,a slot machine for selling goods
n04532106,vestment,gown (especially ceremonial garments) worn by the clergy
n04532670,viaduct,bridge consisting of a series of arches supported by piers used to carry a road (or railroad) over a valley
n04536866,violin,bowed stringed instrument that is the highest member of the violin family; this instrument has four strings and a hollow body and an unfretted fingerboard and is played with a bow
n04540053,volleyball,an inflated ball used in playing volleyball
n04542943,waffle_iron,a kitchen appliance for baking waffles; the appliance usually consists of two indented metal pans hinged together so that they create a pattern on the waffle
n04548280,wall_clock,a clock mounted on a wall
n04548362,wallet,a pocket-size case for holding papers and paper money
n04550184,wardrobe,a tall piece of furniture that provides storage space for clothes; has a door and rails or hooks for hanging clothes
n04552348,warplane,an aircraft designed and used for combat
n04553703,washbasin,a basin for washing the hands (`wash-hand basin' is a British expression)
n04554684,washer,a home appliance for washing clothes and linens automatically
n04557648,water_bottle,a bottle for holding water
n04560804,water_jug,a jug that holds water
n04562935,water_tower,a large reservoir for water
n04579145,whiskey_jug,a jug that contains whiskey
n04579432,whistle,acoustic device that forces air or steam against an edge or into a cavity and so produces a loud shrill sound
n04584207,wig,hairpiece covering the head and made of real or synthetic hair
n04589890,window_screen,screen to keep insects from entering a building through the open window
n04590129,window_shade,an opaque window blind that can cover or uncover a window
n04591157,windsor_tie,a wide necktie worn in a loose bow
n04591713,wine_bottle,a bottle for holding wine
n04592741,wing,one of the horizontal airfoils on either side of the fuselage of an airplane
n04596742,wok,pan with a convex bottom; used for frying in Chinese cooking
n04597913,wooden_spoon,a spoon made of wood
n04599235,wool,a fabric made from the hair of sheep
n04604644,worm_fence,rail fence consisting of a zigzag of interlocking rails
n04606251,wreck,a ship that has been destroyed at sea
n04612504,yawl,a ship's small boat (usually rowed by 4 or 6 oars)
n04613696,yurt,a circular domed dwelling that is portable and self-supporting; originally used by nomadic Mongol and Turkic people of central Asia but now used as inexpensive alternative or temporary housing
n06359193,web_site,a computer connected to the internet that maintains a series of web pages on the World Wide Web
n06596364,comic_book,a magazine devoted to comic strips
n06785654,crossword_puzzle,a puzzle in which words corresponding to numbered clues are to be found and written in to squares in the puzzle
n06794110,street_sign,a sign visible from the street
n06874185,traffic_light,a visual signal to control the flow of traffic at intersections
n07248320,book_jacket,a paper jacket for a book; a jacket on which promotional information is usually printed
n07565083,menu,the dishes making up a meal
n07579787,plate,a main course served on a plate
n07583066,guacamole,a dip made of mashed avocado mixed with chopped onions and other seasonings
n07584110,consomme,clear soup usually of beef or veal or chicken
n07590611,hot_pot,a stew of meat and potatoes cooked in a tightly covered pot
n07613480,trifle,"a cold pudding made of layers of sponge cake spread with fruit or jelly; may be decorated with nuts, cream, or chocolate"
n07614500,ice_cream,frozen dessert containing cream and sugar and flavoring
n07615774,ice_lolly,ice cream or water ice on a small wooden stick
n07684084,french_loaf,a loaf of French bread
n07693725,bagel,(Yiddish) glazed yeast-raised doughnut-shaped roll with hard crust
n07695742,pretzel,glazed and salted cracker typically in the shape of a loose knot
n07697313,cheeseburger,a hamburger with melted cheese on it
n07697537,hotdog,a frankfurter served hot on a bun
n07711569,mashed_potato,potato that has been peeled and boiled and then mashed
n07714571,head_cabbage,any of several varieties of cabbage having a large compact globular head; may be steamed or boiled or stir-fried or used raw in coleslaw
n07714990,broccoli,branched green undeveloped flower heads
n07715103,cauliflower,compact head of white undeveloped flowers
n07716358,zucchini,small cucumber-shaped vegetable marrow; typically dark green
n07716906,spaghetti_squash,medium-sized oval squash with flesh in the form of strings that resemble spaghetti
n07717410,acorn_squash,small dark green or yellow ribbed squash with yellow to orange flesh
n07717556,butternut_squash,buff-colored squash with a long usually straight neck and sweet orange flesh
n07718472,cucumber,cylindrical green fruit with thin green rind and white flesh eaten as a vegetable; related to melons
n07718747,artichoke,a thistlelike flower head with edible fleshy leaves and heart
n07720875,bell_pepper,large bell-shaped sweet pepper in green or red or yellow or orange or black varieties
n07730033,cardoon,only parts eaten are roots and especially stalks (blanched and used as celery); related to artichokes
n07734744,mushroom,fleshy body of any of numerous edible fungi
n07742313,granny_smith,apple with a green skin and hard tart flesh
n07745940,strawberry,sweet fleshy red fruit
n07747607,orange,round yellow to orange fruit of any of several citrus trees
n07749582,lemon,yellow oval fruit with juicy acidic flesh
n07753113,fig,fleshy sweet pear-shaped yellowish or purple multiple fruit eaten fresh or preserved or dried
n07753275,pineapple,large sweet fleshy tropical fruit with a terminal tuft of stiff leaves; widely cultivated
n07753592,banana,elongated crescent-shaped yellow fruit with soft sweet flesh
n07754684,jackfruit,immense East Indian fruit resembling breadfruit; it contains an edible pulp and nutritious seeds that are commonly roasted
n07760859,custard_apple,the fruit of any of several tropical American trees of the genus Annona having soft edible pulp
n07768694,pomegranate,large globular fruit having many seeds with juicy red pulp in a tough brownish-red rind
n07802026,hay,grass mowed and cured for use as fodder
n07831146,carbonara,sauce for pasta; contains eggs and bacon or ham and grated cheese
n07836838,chocolate_sauce,sauce made with unsweetened chocolate or cocoa and sugar and water
n07860988,dough,a flour mixture stiff enough to knead or roll
n07871810,meat_loaf,a baked loaf of ground meat
n07873807,pizza,Italian open pie made of thin bread dough spread with a spiced mixture of e.g. tomato sauce and cheese
n07875152,potpie,deep-dish meat and vegetable pie or a meat stew with dumplings
n07880968,burrito,a flour tortilla folded around a filling
n07892512,red_wine,wine having a red color derived from skins of dark-colored grapes
n07920052,espresso,strong black coffee brewed by forcing hot water under pressure through finely ground coffee beans
n07930864,cup,a punch served in a pitcher instead of a punch bowl
n07932039,eggnog,a punch made of sweetened milk or cream mixed with eggs and usually alcoholic liquor
n09193705,alp,any high mountain
n09229709,bubble,"a hollow globule of gas (e.g., air or carbon dioxide)"
n09246464,cliff,a steep high face of rock
n09256479,coral_reef,a reef consisting of coral consolidated into limestone
n09288635,geyser,a spring that discharges hot water and steam
n09332890,lakeside,the shore of a lake
n09399592,promontory,a natural elevation (especially a rocky one that juts out into the sea)
n09421951,sandbar,a bar of sand
n09428293,seashore,the shore of a sea or ocean
n09468604,valley,a long depression in the surface of the land that usually contains a river
n09472597,volcano,a mountain formed by volcanic material
n09835506,ballplayer,an athlete who plays baseball
n10148035,groom,a man participant in his own marriage ceremony
n10565667,scuba_diver,an underwater diver who uses scuba gear
n11879895,rapeseed,seed of rape plants; source of an edible oil
n11939491,daisy,any of numerous composite plants having flower heads with well-developed ray flowers usually arranged in a single whorl
n12057211,yellow_lady's_slipper,"maroon to purple-brown orchid with yellow lip; Europe, North America and Japan"
n12144580,corn,the dried grains or kernels or corn used as animal feed or ground for meal
n12267677,acorn,fruit of the oak tree: a smooth thin-walled nut in a woody cup-shaped base
n12620546,hip,the fruit of a rose plant
n12768682,buckeye,the inedible nutlike seed of the horse chestnut
n12985857,coral_fungus,any of numerous fungi of the family Clavariaceae often brightly colored that grow in often intricately branched clusters like coral
n12998815,agaric,a saprophytic fungus of the order Agaricales having an umbrellalike cap with gills on the underside
n13037406,gyromitra,any fungus of the genus Gyromitra
n13040303,stinkhorn,any of various ill-smelling brown-capped fungi of the order Phallales
n13044778,earthstar,any fungus of the family Geastraceae; in form suggesting a puffball whose outer peridium splits into the shape of a star
n13052670,hen-of-the-woods,large greyish-brown edible fungus forming a mass of overlapping caps that somewhat resembles a hen at the base of trees
n13054560,bolete,any fungus of the family Boletaceae
n13133613,ear,fruiting spike of a cereal plant especially corn
n15075141,toilet_tissue,a soft thin absorbent paper for use in toilets
